statement	score	confidence	gemini_2_5_flash
6-Mercaptopurine	3	not classifiable	carcinogenic to humans
Ethylene	3	not classifiable	not classifiable
Methyl iodide	3	not classifiable	possibly carcinogenic
Nodularins	3	not classifiable	probably carcinogenic
Clomiphene citrate	3	not classifiable	probably carcinogenic
Actinomycin D	3	not classifiable	carcinogenic to humans
Methyl bromide	3	not classifiable	not classifiable
Isosafrole	3	not classifiable	possibly carcinogenic
Reserpine	3	not classifiable	possibly carcinogenic
Kojic acid	3	not classifiable	not classifiable
Methyl chloride	3	not classifiable	not classifiable
5-Methylangelicin plus ultraviolet A radiation	3	not classifiable	possibly carcinogenic
2,4,6-Trinitrotoluene	3	not classifiable	possibly carcinogenic
4-Amino-2-nitrophenol	3	not classifiable	not classifiable
2-Amino-5-nitrothiazole	3	not classifiable	not classifiable
Vitamin K substances	3	not classifiable	not classifiable
Pronetalol hydrochloride	3	not classifiable	PARSE_FAIL
Bromoethane	3	not classifiable	probably carcinogenic
2-Amino-5-nitrophenol	3	not classifiable	not classifiable
5-Fluorouracil	3	not classifiable	not classifiable
Mercury and inorganic mercury compounds	3	not classifiable	not classifiable
Sulfur dioxide	3	not classifiable	not classifiable
Piperonyl butoxide	3	not classifiable	not classifiable
N,N-Dimethylaniline	3	not classifiable	not classifiable
3-Chloronitrobenzene	3	not classifiable	not classifiable
Chlorobenzilate	3	not classifiable	not classifiable
Zineb	3	not classifiable	not classifiable
Chromium, metallic	3	not classifiable	not classifiable
Palygorskite (Attapulgite)(short fibres, < 5 micrometres)	3	not classifiable	not classifiable
Glycidyl stearate	3	not classifiable	possibly carcinogenic
2,4,6-Tris(1-aziridinyl)-s-triazine	3	not classifiable	carcinogenic to humans
4-Chloro-meta-phenylenediamine	3	not classifiable	possibly carcinogenic
Aurothioglucose	3	not classifiable	not classifiable
Chloroethane	3	not classifiable	possibly carcinogenic
Chlorodifluoromethane	3	not classifiable	not classifiable
Light Green SF	3	not classifiable	not classifiable
Simazine	3	not classifiable	possibly carcinogenic
Vinylidene fluoride	3	not classifiable	not classifiable
Cimetidine	3	not classifiable	not classifiable
D & C Red No. 9	3	not classifiable	not classifiable
Propham	3	not classifiable	not classifiable
Fenvalerate	3	not classifiable	not classifiable
Rosiglitazone	3	not classifiable	not classifiable
Citrinin	3	not classifiable	possibly carcinogenic
tert-Butyl alcohol	3	not classifiable	possibly carcinogenic
Hydroquinone	3	not classifiable	not classifiable
Bromoform	3	not classifiable	not classifiable
Maleic hydrazide	3	not classifiable	not classifiable
2-Chloro-1,1,1-trifluoroethane	3	not classifiable	not classifiable
Spironolactone	3	not classifiable	possibly carcinogenic
Pentachloroethane	3	not classifiable	not classifiable
Dichloroacetylene	3	not classifiable	possibly carcinogenic
Chlorodibromomethane	3	not classifiable	possibly carcinogenic
Trichlorfon	3	not classifiable	possibly carcinogenic
Hydroxyurea	3	not classifiable	probably carcinogenic
Cyclochlorotine	3	not classifiable	possibly carcinogenic
Apholate	3	not classifiable	possibly carcinogenic
Silica, amorphous	3	not classifiable	not classifiable
N-Nitrosoproline	3	not classifiable	not classifiable
Kaempferol	3	not classifiable	PARSE_FAIL
Maneb	3	not classifiable	possibly carcinogenic
Hydrochloric acid	3	not classifiable	not classifiable
Sulfafurazole (Sulfisoxazole)	3	not classifiable	not classifiable
Hydrogen peroxide	3	not classifiable	not classifiable
Angelicin plus ultraviolet A radiation	3	not classifiable	carcinogenic to humans
CI Acid Orange 20	3	not classifiable	not classifiable
Sodium chlorite	3	not classifiable	PARSE_FAIL
Permethrin	3	not classifiable	probably carcinogenic
Deltamethrin	3	not classifiable	not classifiable
2-Nitropyrene	3	not classifiable	possibly carcinogenic
Butylated hydroxytoluene (BHT)	3	not classifiable	not classifiable
Oxyphenbutazone	3	not classifiable	possibly carcinogenic
Vat Yellow 4	3	not classifiable	possibly carcinogenic
Selenium and selenium compounds	3	not classifiable	not classifiable
Methylglyoxal	3	not classifiable	probably carcinogenic
Prednisone	3	not classifiable	probably carcinogenic
Blue VRS	3	not classifiable	PARSE_FAIL
1,4-Diamino-2-nitrobenzene	3	not classifiable	not classifiable
Medphalan	3	not classifiable	carcinogenic to humans
Pyrene	3	not classifiable	not classifiable
Dibenzo[a,e]fluoranthene	3	not classifiable	possibly carcinogenic
Chrysoidine	3	not classifiable	possibly carcinogenic
Dapsone	3	not classifiable	possibly carcinogenic
Chloroquine	3	not classifiable	not classifiable
Acrylic acid	3	not classifiable	not classifiable
1,1,2-Trichloroethane	3	not classifiable	possibly carcinogenic
Dihydroxymethylfuratrizine (see also Panfuran S)	3	not classifiable	carcinogenic to humans
Methyl methacrylate	3	not classifiable	not classifiable
Ethionamide	3	not classifiable	not classifiable
Ferric oxide	3	not classifiable	not classifiable
Cobalt(II,III) oxide	3	not classifiable	not classifiable
Yellow OB	3	not classifiable	probably carcinogenic
Alcoholic beverages	1	carcinogenic to humans	carcinogenic to humans
Aluminium production	1	carcinogenic to humans	carcinogenic to humans
ortho-Nitroanisole	2A	probably carcinogenic	possibly carcinogenic
Isoprene	2B	possibly carcinogenic	possibly carcinogenic
ortho-Anisidine (see also ortho-Anisidine hydrochloride)	2A	probably carcinogenic	possibly carcinogenic
Methyleugenol	2A	probably carcinogenic	possibly carcinogenic
Furosemide (Frusemide)	3	not classifiable	not classifiable
1,1,2,2-Tetrachloroethane	2B	possibly carcinogenic	possibly carcinogenic
Areca nut	1	carcinogenic to humans	carcinogenic to humans
Panfuran S (containing dihydroxymethylfuratrizine)	2B	possibly carcinogenic	carcinogenic to humans
Dichloroacetic acid	2B	possibly carcinogenic	possibly carcinogenic
Engine exhaust, diesel	1	carcinogenic to humans	carcinogenic to humans
2-Nitropropane	2B	possibly carcinogenic	possibly carcinogenic
4-Chloro-ortho-toluidine	2A	probably carcinogenic	probably carcinogenic
Styrene-7,8-oxide	2A	probably carcinogenic	probably carcinogenic
Auramine production	1	carcinogenic to humans	carcinogenic to humans
Automotive gasoline (see also Gasoline engine exhaust, and Aviation gasoline)	1	carcinogenic to humans	possibly carcinogenic
Betel quid with tobacco	1	carcinogenic to humans	carcinogenic to humans
Toxaphene (Polychlorinated camphenes)	2B	possibly carcinogenic	possibly carcinogenic
Aloe vera, whole leaf extract	2B	possibly carcinogenic	possibly carcinogenic
Bitumens, occupational exposure to straight-run bitumens and their emissions during road paving	2B	possibly carcinogenic	possibly carcinogenic
1,2,3-Trichloropropane	2A	probably carcinogenic	probably carcinogenic
alpha-Chlorinated toluenes (benzal chloride, benzotrichloride, benzyl chloride) and benzoyl chloride (combined exposures)	2A	probably carcinogenic	carcinogenic to humans
Benzidine, dyes metabolized to	1	carcinogenic to humans	carcinogenic to humans
Coal gasification	1	carcinogenic to humans	carcinogenic to humans
Betel quid without tobacco	1	carcinogenic to humans	carcinogenic to humans
Arecoline	2B	possibly carcinogenic	possibly carcinogenic
Schistosoma japonicum (infection with)	2B	possibly carcinogenic	carcinogenic to humans
Trichlormethine (Trimustine hydrochloride)	2B	possibly carcinogenic	carcinogenic to humans
4-Methylimidazole	2B	possibly carcinogenic	possibly carcinogenic
Anthraquinone	2B	possibly carcinogenic	possibly carcinogenic
1-Amino-2,4-dibromoanthraquinone	2B	possibly carcinogenic	possibly carcinogenic
Coal, indoor emissions from household combustion of	1	carcinogenic to humans	carcinogenic to humans
BK polyomavirus (BKV)	2B	possibly carcinogenic	not classifiable
Epstein-Barr virus	1	carcinogenic to humans	carcinogenic to humans
Carpentry and joinery	2B	possibly carcinogenic	carcinogenic to humans
Bitumens, occupational exposure to hard bitumens and their emissions during mastic asphalt work	2B	possibly carcinogenic	possibly carcinogenic
Bracken fern	2B	possibly carcinogenic	possibly carcinogenic
Coke production	1	carcinogenic to humans	carcinogenic to humans
Estrogen therapy, postmenopausal	1	carcinogenic to humans	carcinogenic to humans
4,4'-Methylene bis(2-methylaniline)	2B	possibly carcinogenic	possibly carcinogenic
Carbazole	2B	possibly carcinogenic	not classifiable
Dimethyl hydrogen phosphite	2B	possibly carcinogenic	not classifiable
Chlorinated paraffins of average carbon chain length C12 and average degree of chlorination approximately 60%	2B	possibly carcinogenic	possibly carcinogenic
Estrogen-progestogen oral contraceptives (combined)	1	carcinogenic to humans	carcinogenic to humans
2,6-Dimethylaniline (2,6-Xylidine)	2B	possibly carcinogenic	not classifiable
Estrogen-progestogen menopausal therapy (combined)	1	carcinogenic to humans	carcinogenic to humans
Firefighter (occupational exposure as a)	1	carcinogenic to humans	carcinogenic to humans
Diesel fuel, marine	2B	possibly carcinogenic	probably carcinogenic
Chlorophenoxy herbicides	2B	possibly carcinogenic	possibly carcinogenic
Fission products, including strontium-90	1	carcinogenic to humans	carcinogenic to humans
2,4,6-Trichlorophenol (see also Polychlorophenols)	2B	possibly carcinogenic	possibly carcinogenic
2-Chloronitrobenzene	2B	possibly carcinogenic	not classifiable
Pulegone	2B	possibly carcinogenic	possibly carcinogenic
Dry cleaning (occupational exposures in)	2B	possibly carcinogenic	probably carcinogenic
1,4-Dichloro-2-nitrobenzene	2B	possibly carcinogenic	not classifiable
Fluoro-edenite fibrous amphibole	1	carcinogenic to humans	carcinogenic to humans
Aviation gasoline (see also Automotive gasoline, and Gasoline engine exhaust)	2B	possibly carcinogenic	probably carcinogenic
Hepatitis B virus (chronic infection with)	1	carcinogenic to humans	carcinogenic to humans
Engine exhaust, gasoline	2B	possibly carcinogenic	possibly carcinogenic
Fuel oils, residual (heavy)	2B	possibly carcinogenic	carcinogenic to humans
Iron-dextran complex	2B	possibly carcinogenic	possibly carcinogenic
Haematite mining (underground)	1	carcinogenic to humans	carcinogenic to humans
Kava extract	2B	possibly carcinogenic	not classifiable
Michler’s ketone [4,4´-Bis(dimethylamino)­benzophenone]	2B	possibly carcinogenic	possibly carcinogenic
Hepatitis C virus (chronic infection with)	1	carcinogenic to humans	carcinogenic to humans
Goldenseal root powder	2B	possibly carcinogenic	possibly carcinogenic
Hexachlorocyclohexanes	2B	possibly carcinogenic	possibly carcinogenic
Naphthalene	2B	possibly carcinogenic	possibly carcinogenic
Hepatitis D virus (HDV)	1	carcinogenic to humans	carcinogenic to humans
Quinoline	2B	possibly carcinogenic	possibly carcinogenic
Human cytomegalovirus (HCMV)	2B	possibly carcinogenic	not classifiable
Human papillomavirus (HPV) type 16	1	carcinogenic to humans	carcinogenic to humans
Ginkgo biloba extract	2B	possibly carcinogenic	possibly carcinogenic
Human immunodeficiency virus type 2 (infection with)	2B	possibly carcinogenic	carcinogenic to humans
Human T-cell lymphotropic virus type I	1	carcinogenic to humans	carcinogenic to humans
Human papillomavirus (HPV) types 26, 53, 66, 67, 70, 73, 82	2B	possibly carcinogenic	not classifiable
Helicobacter pylori (infection with)	1	carcinogenic to humans	carcinogenic to humans
Human papillomavirus (HPV) type 33	1	carcinogenic to humans	carcinogenic to humans
Human immunodeficiency virus type 1 (infection with)	1	carcinogenic to humans	carcinogenic to humans
N-Nitrosodi-n-butylamine	2B	possibly carcinogenic	possibly carcinogenic
Opisthorchis viverrini (infection with)	1	carcinogenic to humans	carcinogenic to humans
3,3'-Dichlorobenzidine	2B	possibly carcinogenic	possibly carcinogenic
Human papillomavirus (HPV) type 18	1	carcinogenic to humans	carcinogenic to humans
Human papillomavirus (HPV) types 5 and 8 (in patients with epidermodysplasia verruciformis)	2B	possibly carcinogenic	carcinogenic to humans
N-Methylolacrylamide	2B	possibly carcinogenic	possibly carcinogenic
Human papillomavirus (HPV) types 31, 35, 39, 45, 51, 52, 56, 58, 59	1	carcinogenic to humans	carcinogenic to humans
Schistosoma haematobium (infection with)	1	carcinogenic to humans	carcinogenic to humans
N-Nitrosopyrrolidine	2B	possibly carcinogenic	probably carcinogenic
Implanted foreign bodies of metallic cobalt, metallic nickel and an alloy powder containing 66-67% nickel, 13-16% chromium, and 7% iron	2B	possibly carcinogenic	carcinogenic to humans
Human papillomavirus (HPV) types 30, 34, 69, 85, 97	2B	possibly carcinogenic	probably carcinogenic
Ionizing radiation (all types)	1	carcinogenic to humans	carcinogenic to humans
Acheson process, occupational exposure associated with	1	carcinogenic to humans	carcinogenic to humans
β-Myrcene	2B	possibly carcinogenic	possibly carcinogenic
Metronidazole	2B	possibly carcinogenic	possibly carcinogenic
Safrole	2B	possibly carcinogenic	possibly carcinogenic
Iron and steel founding (occupational exposure during)	1	carcinogenic to humans	carcinogenic to humans
Dihydrosafrole	2B	possibly carcinogenic	possibly carcinogenic
Magnetic fields, extremely low-frequency	2B	possibly carcinogenic	possibly carcinogenic
Acid mists, strong inorganic	1	carcinogenic to humans	carcinogenic to humans
JC polyomavirus (JCV)	2B	possibly carcinogenic	possibly carcinogenic
Isopropyl alcohol manufacture using strong acids	1	carcinogenic to humans	carcinogenic to humans
Pentachlorophenol (see also Polychlorophenols)	1	carcinogenic to humans	possibly carcinogenic
Orthopaedic implants of complex composition and cardiac pacemakers	3	not classifiable	possibly carcinogenic
Kaposi sarcoma herpesvirus	1	carcinogenic to humans	carcinogenic to humans
2-Naphthylamine	1	carcinogenic to humans	carcinogenic to humans
Cobalt(II) sulfide	3	not classifiable	probably carcinogenic
Fast Green FCF	3	not classifiable	not classifiable
Isonicotinic acid hydrazide (Isoniazid)	3	not classifiable	probably carcinogenic
N-Nitrosomethylvinylamine	2B	possibly carcinogenic	probably carcinogenic
4-Aminobiphenyl	1	carcinogenic to humans	carcinogenic to humans
Other cobalt(II) compounds (not including Soluble cobalt(II) salts, Cobalt(II) oxide, Cobalt(II,III) oxide, and Cobalt(II) sulfide)	3	not classifiable	possibly carcinogenic
Paint manufacture (occupational exposure in)	3	not classifiable	carcinogenic to humans
Rugulosin	3	not classifiable	not classifiable
1,4-Dioxane	2B	possibly carcinogenic	possibly carcinogenic
Methylarsonic acid	2B	possibly carcinogenic	possibly carcinogenic
Leather dust	1	carcinogenic to humans	carcinogenic to humans
Haematite	3	not classifiable	not classifiable
meta-Dichlorobenzene	3	not classifiable	not classifiable
Zeolites other than erionite (clinoptilolite, phillipsite,mordenite, non-fibrous Japanese zeolite, synthetic zeolites)	3	not classifiable	not classifiable
MOPP and other combined chemotherapy including alkylating agents	1	carcinogenic to humans	carcinogenic to humans
Auramine	2B	possibly carcinogenic	carcinogenic to humans
Primidone	2B	possibly carcinogenic	not classifiable
Malonaldehyde	3	not classifiable	possibly carcinogenic
Potassium bis(2-hydroxyethyl)dithiocarbamate	3	not classifiable	not classifiable
Benzidine	1	carcinogenic to humans	carcinogenic to humans
Pentavalent antimony	3	not classifiable	not classifiable
Phenobarbital	2B	possibly carcinogenic	possibly carcinogenic
Magenta production	1	carcinogenic to humans	carcinogenic to humans
Griseofulvin	2B	possibly carcinogenic	possibly carcinogenic
Glycidyl oleate	3	not classifiable	possibly carcinogenic
Benzo[a]fluorene	3	not classifiable	possibly carcinogenic
Mitomycin C	2B	possibly carcinogenic	carcinogenic to humans
Dibenzothiophene	3	not classifiable	PARSE_FAIL
ortho-Toluidine	1	carcinogenic to humans	carcinogenic to humans
Rifampicin	3	not classifiable	not classifiable
Bis(2,3-epoxycyclopentyl)ether	3	not classifiable	possibly carcinogenic
Petroleum solvents	3	not classifiable	possibly carcinogenic
Merkel cell polyomavirus (MCPyV)	1	carcinogenic to humans	carcinogenic to humans
Tetranitromethane	2B	possibly carcinogenic	possibly carcinogenic
Trichloroacetonitrile	3	not classifiable	not classifiable
Nitrogen mustard N-oxide	2B	possibly carcinogenic	probably carcinogenic
Androgenic (anabolic) steroids	2A	probably carcinogenic	carcinogenic to humans
Mineral oils, untreated or mildly treated	1	carcinogenic to humans	carcinogenic to humans
Tris(1-aziridinyl)phosphine oxide	3	not classifiable	possibly carcinogenic
Captan	3	not classifiable	possibly carcinogenic
Art glass, glass containers and pressed ware (manufacture of)	2A	probably carcinogenic	carcinogenic to humans
Xylenes	3	not classifiable	not classifiable
Polychlorinated dibenzofurans (see 2,3,4,7,8-Pentachlorodibenzofuran)	3	not classifiable	possibly carcinogenic
Neutron radiation	1	carcinogenic to humans	carcinogenic to humans
Chloroprene	2B	possibly carcinogenic	possibly carcinogenic
Polychlorinated dibenzo-para-dioxins (other than 2,3,7,8-tetrachlorodibenzo-para-dioxin)	3	not classifiable	not classifiable
Benzo[b]naphtho[2,1-d]thiophene	3	not classifiable	probably carcinogenic
Indium tin oxide	2B	possibly carcinogenic	possibly carcinogenic
Ethyl selenac	3	not classifiable	possibly carcinogenic
CI Pigment Red 3	3	not classifiable	not classifiable
N,N-Dimethylacetamide	2B	possibly carcinogenic	possibly carcinogenic
Nickel compounds	1	carcinogenic to humans	carcinogenic to humans
Carbon electrode manufacture	2A	probably carcinogenic	carcinogenic to humans
Biomass fuel (primarily wood), indoor emissions from household combustion of	2A	probably carcinogenic	carcinogenic to humans
Propylthiouracil	2B	possibly carcinogenic	possibly carcinogenic
Amsacrine	2B	possibly carcinogenic	probably carcinogenic
Iron sorbitol-citric acid complex	3	not classifiable	not classifiable
2-Methyl-1-nitroanthraquinone (uncertain purity)	2B	possibly carcinogenic	not classifiable
11-Aminoundecanoic acid	3	not classifiable	not classifiable
Benzo[b]fluorene	3	not classifiable	possibly carcinogenic
1-Naphthylamine	3	not classifiable	carcinogenic to humans
Mannomustine dihydrochloride	3	not classifiable	probably carcinogenic
Proflavine salts	3	not classifiable	not classifiable
Pulp and paper manufacture	3	not classifiable	carcinogenic to humans
N-Nitrosoguvacine	3	not classifiable	not classifiable
Frying, emissions from high-temperature	2A	probably carcinogenic	probably carcinogenic
1-Hydroxyanthraquinone	2B	possibly carcinogenic	not classifiable
Outdoor air pollution	1	carcinogenic to humans	carcinogenic to humans
1-Chloro-2-methylpropene	2B	possibly carcinogenic	not classifiable
Opium consumption	1	carcinogenic to humans	carcinogenic to humans
1,2-Bis(chloromethoxy)ethane	3	not classifiable	carcinogenic to humans
Hairdresser or barber (occupational exposure as a)	2A	probably carcinogenic	probably carcinogenic
para-Aramid fibrils	3	not classifiable	not classifiable
Merphalan	2B	possibly carcinogenic	carcinogenic to humans
N-Nitrosoguvacoline	3	not classifiable	probably carcinogenic
Cantharidin	3	not classifiable	not classifiable
Rock (stone) wool	3	not classifiable	not classifiable
cis-9,10-Epoxystearic acid	3	not classifiable	not classifiable
Leucomalachite green (see also Malachite green)	2B	possibly carcinogenic	possibly carcinogenic
Outdoor air pollution, particulate matter in	1	carcinogenic to humans	carcinogenic to humans
Vinyl toluene	3	not classifiable	not classifiable
N-Phenyl-2-naphthylamine	3	not classifiable	possibly carcinogenic
Printing inks	3	not classifiable	not classifiable
N-[4-(5-Nitro-2-furyl)-2-thiazolyl]acetamide	2B	possibly carcinogenic	carcinogenic to humans
SV40 polyomavirus	3	not classifiable	probably carcinogenic
Cobalt(II) oxide	2B	possibly carcinogenic	possibly carcinogenic
Painter (occupational exposure as a)	1	carcinogenic to humans	carcinogenic to humans
Human papillomavirus (HPV) type 68	2A	probably carcinogenic	carcinogenic to humans
Doxylamine succinate	3	not classifiable	not classifiable
Molybdenum trioxide	2B	possibly carcinogenic	possibly carcinogenic
2,4,5-Trimethylaniline	3	not classifiable	possibly carcinogenic
Semicarbazide hydrochloride	3	not classifiable	not classifiable
Lead compounds, inorganic	2A	probably carcinogenic	probably carcinogenic
Thiram	3	not classifiable	not classifiable
Silicone breast implants	3	not classifiable	not classifiable
Carrageenan, degraded (Poligeenan)	2B	possibly carcinogenic	possibly carcinogenic
Slag wool	3	not classifiable	possibly carcinogenic
Vanadium pentoxide	2B	possibly carcinogenic	possibly carcinogenic
Nylon 6	3	not classifiable	not classifiable
Malaria (caused by infection with Plasmodium falciparum in holoendemic areas)	2A	probably carcinogenic	carcinogenic to humans
Isobutyl nitrite	2B	possibly carcinogenic	probably carcinogenic
Night shift work	2A	probably carcinogenic	probably carcinogenic
Phenacetin, analgesic mixtures containing	1	carcinogenic to humans	carcinogenic to humans
1,4-Bis(chloromethoxymethyl)benzene	3	not classifiable	carcinogenic to humans
Gemfibrozil	3	not classifiable	not classifiable
Ziram	3	not classifiable	not classifiable
Acepyrene (3,4-dihydrocyclopenta[cd]pyrene)	3	not classifiable	PARSE_FAIL
1,3-Dichloropropene (technical-grade)	2B	possibly carcinogenic	possibly carcinogenic
Sodium ortho-phenylphenate	2B	possibly carcinogenic	possibly carcinogenic
Shikimic acid	3	not classifiable	PARSE_FAIL
Polychlorinated biphenyls, dioxin-like, with a Toxicity Equivalency Factor (TEF) according to WHO (PCBs 77, 81, 105, 114, 118, 123, 126, 156, 157, 167, 169, 189)	1	carcinogenic to humans	carcinogenic to humans
Sulfites	3	not classifiable	PARSE_FAIL
Processed meat (consumption of)	1	carcinogenic to humans	carcinogenic to humans
Malachite green (see also Leucomalachite green)	3	not classifiable	possibly carcinogenic
Gentian violet (see also Leucogentian violet)	2B	possibly carcinogenic	possibly carcinogenic
N-Nitrososarcosine	2B	possibly carcinogenic	probably carcinogenic
Nitrate or nitrite (ingested) under conditions that result in endogenous nitrosation	2A	probably carcinogenic	probably carcinogenic
Radioiodines, including iodine-131	1	carcinogenic to humans	carcinogenic to humans
Carbon black	2B	possibly carcinogenic	possibly carcinogenic
Cyclamates (sodium cyclamate)	3	not classifiable	not classifiable
1-[(5-Nitrofurfurylidene)amino]-2-imidazolidinone	2B	possibly carcinogenic	possibly carcinogenic
Tea	3	not classifiable	not classifiable
Tetrakis(hydroxymethyl)phosphonium salts	3	not classifiable	probably carcinogenic
Dibenzo-para-dioxin	3	not classifiable	PARSE_FAIL
Allyl isothiocyanate	3	not classifiable	not classifiable
Nithiazide	3	not classifiable	not classifiable
Non-arsenical insecticides (occupational exposures in spraying and application of)	2A	probably carcinogenic	probably carcinogenic
Radionuclides, alpha-particle-emitting, internally deposited	1	carcinogenic to humans	carcinogenic to humans
Titanium dioxide	2B	possibly carcinogenic	possibly carcinogenic
Ripazepam	3	not classifiable	PARSE_FAIL
Tris(2-methyl-1-aziridinyl)phosphine oxide	3	not classifiable	probably carcinogenic
Hydroxysenkirkine	3	not classifiable	possibly carcinogenic
Sulfamethazine	3	not classifiable	not classifiable
Petroleum refining (occupational exposures in)	2A	probably carcinogenic	carcinogenic to humans
Parasorbic acid	3	not classifiable	PARSE_FAIL
Bromochloroacetic acid	2B	possibly carcinogenic	possibly carcinogenic
Wollastonite	3	not classifiable	not classifiable
Radionuclides, beta-particle-emitting, internally deposited	1	carcinogenic to humans	carcinogenic to humans
Methylthiouracil	2B	possibly carcinogenic	possibly carcinogenic
Red meat (consumption of)	2A	probably carcinogenic	probably carcinogenic
Rubber manufacturing industry	1	carcinogenic to humans	carcinogenic to humans
Phenazopyridine hydrochloride	2B	possibly carcinogenic	possibly carcinogenic
Cupferron	2B	possibly carcinogenic	possibly carcinogenic
Chloropropham	3	not classifiable	not classifiable
Benzyl acetate	3	not classifiable	possibly carcinogenic
Carbon tetrachloride	2B	possibly carcinogenic	possibly carcinogenic
Agaritine	3	not classifiable	not classifiable
Soluble cobalt(II) salts	2A	probably carcinogenic	probably carcinogenic
Cholesterol	3	not classifiable	not classifiable
para-Dimethylaminoazobenzenediazo sodium sulfonate	3	not classifiable	not classifiable
Dinitrosopentamethylenetetramine	3	not classifiable	possibly carcinogenic
Caffeine	3	not classifiable	not classifiable
Salted fish, Chinese-style	1	carcinogenic to humans	carcinogenic to humans
Sunset Yellow FCF	3	not classifiable	not classifiable
Trivalent antimony	2A	probably carcinogenic	possibly carcinogenic
Very hot beverages at above 65 °C (drinking)	2A	probably carcinogenic	probably carcinogenic
Disperse Yellow 3	3	not classifiable	possibly carcinogenic
Nitrilotriacetic acid and its salts	2B	possibly carcinogenic	possibly carcinogenic
Pyrimethamine	3	not classifiable	possibly carcinogenic
Parathion	2B	possibly carcinogenic	possibly carcinogenic
4,4'-Methylenediphenyl diisocyanate	3	not classifiable	not classifiable
Tannic acid and tannins	3	not classifiable	not classifiable
Solar radiation (see Ultraviolet radiation (wavelengths 100–400 nm, encompassing UVA, UVB, and UVC); Ultraviolet radiation from welding; and Ultraviolet-emitting tanning devices)	1	carcinogenic to humans	carcinogenic to humans
4,4'-Thiodianiline	2B	possibly carcinogenic	possibly carcinogenic
Benz[a]anthracene	2B	possibly carcinogenic	probably carcinogenic
Styrene	2A	probably carcinogenic	probably carcinogenic
n-Butyl acrylate	3	not classifiable	not classifiable
Allyl isovalerate	3	not classifiable	not classifiable
meta-Cresidine	3	not classifiable	possibly carcinogenic
Triethanolamine	3	not classifiable	possibly carcinogenic
2-Nitronaphthalene	3	not classifiable	probably carcinogenic
Theophylline	3	not classifiable	not classifiable
3-Chloro-2-methylpropene, technical grade	2B	possibly carcinogenic	possibly carcinogenic
Tobacco smoke, secondhand	1	carcinogenic to humans	carcinogenic to humans
Ethyl acrylate	2B	possibly carcinogenic	possibly carcinogenic
3,4-Epoxy-6-methylcyclohexylmethyl-3,4-epoxy-6-methylcyclo-hexanecarboxylate	3	not classifiable	not classifiable
Aramite®	2B	possibly carcinogenic	not classifiable
Epichlorohydrin	2A	probably carcinogenic	probably carcinogenic
HC Red No. 3	3	not classifiable	possibly carcinogenic
Soot (as found in occupational exposure of chimney sweeps)	1	carcinogenic to humans	carcinogenic to humans
Phenicarbazide	3	not classifiable	not classifiable
Prednimustine	3	not classifiable	carcinogenic to humans
Glycidyl methacrylate	2A	probably carcinogenic	possibly carcinogenic
Tobacco smoking	1	carcinogenic to humans	carcinogenic to humans
Methotrexate	3	not classifiable	probably carcinogenic
CI Basic Red 9	2B	possibly carcinogenic	possibly carcinogenic
Vinblastine sulfate	3	not classifiable	possibly carcinogenic
Nitrofural (Nitrofurazone)	3	not classifiable	possibly carcinogenic
1,1-Dimethylhydrazine	2B	possibly carcinogenic	possibly carcinogenic
Thiouracil	2B	possibly carcinogenic	possibly carcinogenic
Di(2-ethylhexyl) adipate	3	not classifiable	not classifiable
N-Nitrosofolic acid	3	not classifiable	not classifiable
Methyl selenac	3	not classifiable	PARSE_FAIL
Tobacco, smokeless	1	carcinogenic to humans	carcinogenic to humans
2,4-Hexadienal	2B	possibly carcinogenic	possibly carcinogenic
Ethylene dibromide	2A	probably carcinogenic	probably carcinogenic
Azobenzene	3	not classifiable	possibly carcinogenic
Ferbam	3	not classifiable	possibly carcinogenic
Acrolein	2A	probably carcinogenic	probably carcinogenic
Phenytoin	2B	possibly carcinogenic	possibly carcinogenic
Aciclovir	3	not classifiable	not classifiable
Chlordecone (Kepone)	2B	possibly carcinogenic	possibly carcinogenic
Chlorofluoromethane	3	not classifiable	not classifiable
Prazepam	3	not classifiable	not classifiable
Ultraviolet radiation from welding (see Ultraviolet radiation (wavelengths 100–400 nm, encompassing UVA, UVB, and UVC); Ultraviolet-emitting tanning devices; and Solar radiation)	1	carcinogenic to humans	carcinogenic to humans
beta-Propiolactone	2B	possibly carcinogenic	probably carcinogenic
Methyl parathion	3	not classifiable	possibly carcinogenic
Glyphosate	2A	probably carcinogenic	probably carcinogenic
Sodium diethyldithiocarbamate	3	not classifiable	not classifiable
Ultraviolet radiation (wavelengths 100–400 nm, encompassing UVA, UVB, and UVC) (see Ultraviolet radiation from welding; Ultraviolet-emitting tanning devices; and Solar radiation)	1	carcinogenic to humans	carcinogenic to humans
Cycasin	2B	possibly carcinogenic	probably carcinogenic
Aziridine	2B	possibly carcinogenic	possibly carcinogenic
Chlordane	2B	possibly carcinogenic	possibly carcinogenic
8-Hydroxyquinoline	3	not classifiable	not classifiable
Paracetamol (Acetaminophen)	3	not classifiable	not classifiable
Pioglitazone	2A	probably carcinogenic	possibly carcinogenic
Methyl carbamate	3	not classifiable	not classifiable
Estazolam	3	not classifiable	not classifiable
Ultraviolet-emitting tanning devices (see Ultraviolet radiation (wavelengths 100–400 nm, encompassing UVA, UVB, and UVC); Ultraviolet radiation from welding; and Solar radiation)	1	carcinogenic to humans	carcinogenic to humans
Copper 8-hydroxyquinoline	3	not classifiable	PARSE_FAIL
Dichloroacetonitrile	3	not classifiable	possibly carcinogenic
Patulin	3	not classifiable	not classifiable
para-Anisidine	3	not classifiable	not classifiable
1-tert-Butoxypropan-2-ol	2B	possibly carcinogenic	not classifiable
HC Yellow No. 4	3	not classifiable	not classifiable
4-Nitropyrene	2B	possibly carcinogenic	probably carcinogenic
Welding fumes	1	carcinogenic to humans	carcinogenic to humans
1,3-Propane sultone	2A	probably carcinogenic	possibly carcinogenic
para-Aminobenzoic acid	3	not classifiable	not classifiable
para-Benzoquinone dioxime	3	not classifiable	possibly carcinogenic
d-Limonene	3	not classifiable	not classifiable
Monuron	3	not classifiable	possibly carcinogenic
N-Nitrosohydroxyproline	3	not classifiable	not classifiable
Trimethylolpropane triacrylate, technical grade	2B	possibly carcinogenic	possibly carcinogenic
1,2-Diethylhydrazine	2B	possibly carcinogenic	possibly carcinogenic
Wood dust	1	carcinogenic to humans	carcinogenic to humans
N-Nitrosomorpholine	2B	possibly carcinogenic	possibly carcinogenic
N,N'-Diethylthiourea	3	not classifiable	not classifiable
Carbon nanotubes, multiwalled, other than MWCNT-7	3	not classifiable	possibly carcinogenic
Tetrafluoroethylene	2A	probably carcinogenic	possibly carcinogenic
Saccharin and its salts	3	not classifiable	not classifiable
Aziridyl benzoquinone	3	not classifiable	carcinogenic to humans
Methimazole	3	not classifiable	possibly carcinogenic
Musk xylene	3	not classifiable	possibly carcinogenic
Terpene polychlorinates (Strobane®)	3	not classifiable	not classifiable
Nitrovin	3	not classifiable	not classifiable
Crude oil	3	not classifiable	probably carcinogenic
Rhodamine B	3	not classifiable	possibly carcinogenic
Saccharated iron oxide	3	not classifiable	not classifiable
1-Amino-2-methylanthraquinone	3	not classifiable	possibly carcinogenic
Droloxifene	3	not classifiable	probably carcinogenic
Acriflavinium chloride	3	not classifiable	not classifiable
Musk ambrette	3	not classifiable	possibly carcinogenic
Acenaphthene	3	not classifiable	not classifiable
Quintozene (Pentachloronitrobenzene)	3	not classifiable	possibly carcinogenic
Dimethoxane	3	not classifiable	PARSE_FAIL
Theobromine	3	not classifiable	not classifiable
Temazepam	3	not classifiable	not classifiable
Phenanthrene	3	not classifiable	not classifiable
Diacetylaminoazotoluene	3	not classifiable	probably carcinogenic
1-Methylphenanthrene	3	not classifiable	not classifiable
Sudan III	3	not classifiable	not classifiable
Bromochloroacetonitrile	3	not classifiable	possibly carcinogenic
Sudan I	3	not classifiable	not classifiable
Yellow AB	3	not classifiable	possibly carcinogenic
Butyl benzyl phthalate	3	not classifiable	possibly carcinogenic
Scarlet Red	3	not classifiable	possibly carcinogenic
N-Nitrosodiphenylamine	3	not classifiable	not classifiable
Hydralazine	3	not classifiable	possibly carcinogenic
3-(N-Nitrosomethylamino)propionaldehyde	3	not classifiable	probably carcinogenic
Pyrido[3,4-c]psoralen	3	not classifiable	possibly carcinogenic
Methyl tert-butyl ether	2B	possibly carcinogenic	possibly carcinogenic
Benzyl violet 4B	2B	possibly carcinogenic	possibly carcinogenic
Methylmercury compounds	2B	possibly carcinogenic	possibly carcinogenic
7-Methylpyrido[3,4-c]psoralen	3	not classifiable	possibly carcinogenic
Malathion	2A	probably carcinogenic	probably carcinogenic
Caprolactam	3	not classifiable	not classifiable
Metallic implants prepared as thin smooth films	2B	possibly carcinogenic	not classifiable
Methylazoxymethanol acetate	2B	possibly carcinogenic	possibly carcinogenic
Sulfasalazine	2B	possibly carcinogenic	not classifiable
Tetrachloroethylene (Perchloroethylene)	2A	probably carcinogenic	probably carcinogenic
para-Aminoazobenzene	2B	possibly carcinogenic	possibly carcinogenic
3-Nitrobenzanthrone	2B	possibly carcinogenic	possibly carcinogenic
Tris(2,3-dibromopropyl) phosphate	2A	probably carcinogenic	possibly carcinogenic
Pickled vegetables (traditional Asian)	2B	possibly carcinogenic	possibly carcinogenic
para-Dimethylaminoazobenzene	2B	possibly carcinogenic	possibly carcinogenic
Lauroyl peroxide	3	not classifiable	not classifiable
Polychlorophenols and their sodium salts (mixed exposures) (see Pentachlorophenol; 2,4,6-Trichlorophenol)	2B	possibly carcinogenic	not classifiable
Acetamide	2B	possibly carcinogenic	possibly carcinogenic
1-(2-Chloroethyl)-3-cyclohexyl-1-nitrosourea (CCNU) (Lomustine)	2A	probably carcinogenic	carcinogenic to humans
Perfluorooctanesulfonic acid (PFOS)	2B	possibly carcinogenic	possibly carcinogenic
para-Phenylenediamine	3	not classifiable	not classifiable
Polymeric implant prepared as thin smooth films (with the exception of poly-glycolic acid)	2B	possibly carcinogenic	possibly carcinogenic
Chloramine	3	not classifiable	PARSE_FAIL
ortho-Anisidine hydrochloride (see also ortho-Anisidine)	2A	probably carcinogenic	possibly carcinogenic
Nitrofen (technical-grade)	2B	possibly carcinogenic	possibly carcinogenic
para-Quinone	3	not classifiable	not classifiable
Printing processes (occupational exposures in)	2B	possibly carcinogenic	carcinogenic to humans
3-(N-Nitrosomethylamino)propionitrile	2B	possibly carcinogenic	possibly carcinogenic
Aniline hydrochloride (see also Aniline)	2A	probably carcinogenic	not classifiable
Dibenzo[a,i]pyrene	2B	possibly carcinogenic	carcinogenic to humans
Streptozotocin	2B	possibly carcinogenic	probably carcinogenic
3,3′,4,4′-Tetrachloroazobenzene	2A	probably carcinogenic	not classifiable
Progestins (see also Progestogen-only contraceptives)	2B	possibly carcinogenic	probably carcinogenic
Allyl chloride	3	not classifiable	possibly carcinogenic
Chloroacetonitrile	3	not classifiable	not classifiable
Oxazepam	2B	possibly carcinogenic	possibly carcinogenic
Talc	2A	probably carcinogenic	not classifiable
5-Nitroacenaphthene	2B	possibly carcinogenic	possibly carcinogenic
Dibenzo[a,h]pyrene	2B	possibly carcinogenic	carcinogenic to humans
Progestogen-only contraceptives	2B	possibly carcinogenic	probably carcinogenic
2,6-Dinitrotoluene	2B	possibly carcinogenic	possibly carcinogenic
Radiofrequency electromagnetic fields	2B	possibly carcinogenic	possibly carcinogenic
2-Mercaptobenzothiazole	2A	probably carcinogenic	not classifiable
Chlorothalonil	2B	possibly carcinogenic	probably carcinogenic
Diisopropyl ether	3	not classifiable	not classifiable
Refractory ceramic fibres	2B	possibly carcinogenic	possibly carcinogenic
2-(1-Aziridinyl)ethanol	3	not classifiable	not classifiable
Bischloroethyl nitrosourea (BCNU) (Carmustine)	2A	probably carcinogenic	carcinogenic to humans
2-Nitrofluorene	2B	possibly carcinogenic	possibly carcinogenic
Succinic anhydride	3	not classifiable	possibly carcinogenic
Cisplatin	2A	probably carcinogenic	carcinogenic to humans
Indeno[1,2,3-cd]pyrene	2B	possibly carcinogenic	possibly carcinogenic
Special-purpose fibres such as E-glass and '475' glass fibres	2B	possibly carcinogenic	possibly carcinogenic
7H-Dibenzo[c,g]carbazole	2B	possibly carcinogenic	carcinogenic to humans
Niridazole	2B	possibly carcinogenic	probably carcinogenic
Dibenzo[a,l]pyrene	2A	probably carcinogenic	carcinogenic to humans
meta-Phenylenediamine	3	not classifiable	not classifiable
Indium phosphide	2A	probably carcinogenic	probably carcinogenic
Benz[j]aceanthrylene	2B	possibly carcinogenic	not classifiable
Textile manufacturing industry (work in)	2B	possibly carcinogenic	carcinogenic to humans
Benzo[c]phenanthrene	2B	possibly carcinogenic	possibly carcinogenic
Resorcinol	3	not classifiable	not classifiable
Weapons-grade tungsten (with nickel and cobalt) alloy	2B	possibly carcinogenic	possibly carcinogenic
2,4-Dichloro-1-nitrobenzene	2B	possibly carcinogenic	not classifiable
N,N'-Diacetylbenzidine	2B	possibly carcinogenic	possibly carcinogenic
4-Chloronitrobenzene	2B	possibly carcinogenic	not classifiable
Bis(2-chloro-1-methylethyl)ether	3	not classifiable	possibly carcinogenic
Benzo[j]fluoranthene	2B	possibly carcinogenic	possibly carcinogenic
ortho-Phenylenediamine dihydrochloride	2B	possibly carcinogenic	probably carcinogenic
para-Nitroanisole	2B	possibly carcinogenic	not classifiable
Cyclohexanone	3	not classifiable	not classifiable
Dibenz[a,j]acridine	2A	probably carcinogenic	possibly carcinogenic
2,4-Diaminoanisole	2B	possibly carcinogenic	possibly carcinogenic
Adriamycin (Doxorubicin)	2A	probably carcinogenic	carcinogenic to humans
Toluene	3	not classifiable	not classifiable
Captafol	2A	probably carcinogenic	possibly carcinogenic
Benzo[b]fluoranthene	2B	possibly carcinogenic	probably carcinogenic
Benzo[k]fluoranthene	2B	possibly carcinogenic	possibly carcinogenic
4-Vinylcyclohexene	2B	possibly carcinogenic	possibly carcinogenic
N-Methyl-N-nitrosourethane	2B	possibly carcinogenic	possibly carcinogenic
Ethylbenzene	2B	possibly carcinogenic	possibly carcinogenic
Digoxin	2B	possibly carcinogenic	not classifiable
Phenol	3	not classifiable	not classifiable
Daunomycin (Daunorubicin)	2B	possibly carcinogenic	carcinogenic to humans
β-Picoline	3	not classifiable	not classifiable
N-Nitrosopiperidine	2B	possibly carcinogenic	possibly carcinogenic
Ethyl methanesulfonate	2B	possibly carcinogenic	probably carcinogenic
Teniposide	2A	probably carcinogenic	carcinogenic to humans
Hydrazine	2A	probably carcinogenic	possibly carcinogenic
trans-1,4-Dichlorobutene	3	not classifiable	possibly carcinogenic
Morpholine	3	not classifiable	not classifiable
Cyclopenta[cd]pyrene	2A	probably carcinogenic	possibly carcinogenic
Thioacetamide	2B	possibly carcinogenic	possibly carcinogenic
Chloral hydrate	2A	probably carcinogenic	possibly carcinogenic
Dichlorvos	2B	possibly carcinogenic	possibly carcinogenic
Sterigmatocystin	2B	possibly carcinogenic	possibly carcinogenic
Tetrachlorvinphos	2B	possibly carcinogenic	possibly carcinogenic
Chrysene	2B	possibly carcinogenic	possibly carcinogenic
Dibenz[c,h]acridine	2B	possibly carcinogenic	probably carcinogenic
N-Nitrosodi-n-propylamine	2B	possibly carcinogenic	probably carcinogenic
3,9-Dinitrofluoranthene	2B	possibly carcinogenic	probably carcinogenic
Bis(2-chloroethyl)ether	3	not classifiable	probably carcinogenic
Azacitidine	2A	probably carcinogenic	possibly carcinogenic
Trp-P-1 (3-Amino-1,4-dimethyl-5H-pyrido[4,3-b]indole)	2B	possibly carcinogenic	possibly carcinogenic
Diazinon	2A	probably carcinogenic	probably carcinogenic
4,4'-Diaminodiphenyl ether	2B	possibly carcinogenic	probably carcinogenic
4,4'-Methylenedianiline	2B	possibly carcinogenic	possibly carcinogenic
2-Butoxyethanol	3	not classifiable	not classifiable
Procarbazine hydrochloride	2A	probably carcinogenic	carcinogenic to humans
Diglycidyl resorcinol ether	2B	possibly carcinogenic	possibly carcinogenic
Microcystin-LR	2B	possibly carcinogenic	possibly carcinogenic
Naphtho[1,2-b]fluoranthene	3	not classifiable	possibly carcinogenic
Silicon carbide whiskers	2A	probably carcinogenic	probably carcinogenic
Dibenz[a,h]acridine	2B	possibly carcinogenic	possibly carcinogenic
Phenoxybenzamine hydrochloride	2B	possibly carcinogenic	possibly carcinogenic
Trp-P-2 (3-Amino-1-methyl-5H-pyrido[4,3-b]indole)	2B	possibly carcinogenic	possibly carcinogenic
Dithranol	3	not classifiable	not classifiable
2-Ethylhexyl acrylate	2B	possibly carcinogenic	not classifiable
1,1,1,2-Tetrachloroethane	2B	possibly carcinogenic	not classifiable
Nitrogen mustard	2A	probably carcinogenic	carcinogenic to humans
Aspartame	2B	possibly carcinogenic	possibly carcinogenic
DDT (4,4'-dichlorodiphenyltrichloroethane)	2A	probably carcinogenic	probably carcinogenic
5-Methoxypsoralen	2A	probably carcinogenic	possibly carcinogenic
Riddelliine	2B	possibly carcinogenic	probably carcinogenic
Propylene	3	not classifiable	not classifiable
Dibromoacetic acid	2B	possibly carcinogenic	possibly carcinogenic
Tris(2-chloroethyl) phosphate	3	not classifiable	possibly carcinogenic
Mirex	2B	possibly carcinogenic	possibly carcinogenic
Magenta	2B	possibly carcinogenic	probably carcinogenic
PhIP (2-Amino-1-methyl-6-phenylimidazo[4,5-b]pyridine)	2B	possibly carcinogenic	probably carcinogenic
Michler’s base [4,4´-methylenebis(N,N-dimethyl)­benzenamine]	2B	possibly carcinogenic	carcinogenic to humans
Dicofol	3	not classifiable	possibly carcinogenic
3-Chloro-4-(dichloromethyl)-5-hydroxy-2(5H)-furanone	2B	possibly carcinogenic	probably carcinogenic
Fluometuron	3	not classifiable	not classifiable
1,3-Butadiene	1	carcinogenic to humans	carcinogenic to humans
1,2-Dihydroaceanthrylene	3	not classifiable	not classifiable
Tamoxifen	1	carcinogenic to humans	carcinogenic to humans
Clofibrate	3	not classifiable	possibly carcinogenic
Didanosine	3	not classifiable	not classifiable
Tetrahydrofuran	2B	possibly carcinogenic	possibly carcinogenic
Palygorskite (Attapulgite) (long fibres, > 5 micrometres)	2B	possibly carcinogenic	possibly carcinogenic
Acrylonitrile	1	carcinogenic to humans	possibly carcinogenic
1,2,3-Tris(chloromethoxy)propane	3	not classifiable	carcinogenic to humans
Benzo[ghi]perylene	3	not classifiable	not classifiable
1-Nitronaphthalene	3	not classifiable	possibly carcinogenic
4-Methylchrysene	3	not classifiable	possibly carcinogenic
N'-Nitrosonornicotine (NNN) and 4-(N-Nitrosomethylamino)-1-(3-pyridyl)-1-butanone (NNK)	1	carcinogenic to humans	carcinogenic to humans
Dantron (Chrysazin; 1,8-Dihydroxyanthraquinone)	2B	possibly carcinogenic	possibly carcinogenic
Atrazine	3	not classifiable	possibly carcinogenic
N'-Nitrosoanatabine (NAT)	3	not classifiable	not classifiable
4,4'-Methylenebis(2-chloroaniline) (MOCA)	1	carcinogenic to humans	carcinogenic to humans
Glass filament, continuous	3	not classifiable	not classifiable
Opisthorchis felineus (infection with)	3	not classifiable	carcinogenic to humans
IQ (2-Amino-3-methylimidazo[4,5-f]quinoline)	2A	probably carcinogenic	possibly carcinogenic
5-Chloro-ortho-toluidine	3	not classifiable	possibly carcinogenic
Trichloroacetic acid	2B	possibly carcinogenic	possibly carcinogenic
4,5'-Dimethylangelicin plus ultraviolet A radiation	3	not classifiable	probably carcinogenic
Vinylidene chloride-vinyl chloride copolymers	3	not classifiable	not classifiable
Naphtho[2,1-a]fluoranthene	3	not classifiable	possibly carcinogenic
5-(Morpholinomethyl)-3-[(5-nitrofurfurylidene)­amino]-2-oxazolidinone	2B	possibly carcinogenic	possibly carcinogenic
Polyacrylic acid	3	not classifiable	not classifiable
2,6-Dichloro-para-phenylenediamine	3	not classifiable	possibly carcinogenic
Oestradiol mustard	3	not classifiable	carcinogenic to humans
Diethyl sulfate	2A	probably carcinogenic	probably carcinogenic
Tris(aziridinyl)-para-benzoquinone (Triaziquone)	3	not classifiable	carcinogenic to humans
Cobalt metal (without tungsten carbide or other metal alloys)	2A	probably carcinogenic	possibly carcinogenic
Fluorene	3	not classifiable	not classifiable
Hexamethylphosphoramide	2B	possibly carcinogenic	probably carcinogenic
Plutonium	1	carcinogenic to humans	carcinogenic to humans
Propylene oxide	2B	possibly carcinogenic	possibly carcinogenic
Calcium carbide production	3	not classifiable	carcinogenic to humans
Azaserine	2B	possibly carcinogenic	possibly carcinogenic
Carbaryl	3	not classifiable	probably carcinogenic
2,3,4,7,8-Pentachlorodibenzofuran	1	carcinogenic to humans	not classifiable
Lindane (see also Hexachlorocyclohexanes)	1	carcinogenic to humans	carcinogenic to humans
2-Amino-5-(5-nitro-2-furyl)-1,3,4-thiadiazole	2B	possibly carcinogenic	possibly carcinogenic
Phosphorus-32, as phosphate	1	carcinogenic to humans	carcinogenic to humans
Methylene blue	3	not classifiable	not classifiable
2,4-Diaminotoluene	2B	possibly carcinogenic	possibly carcinogenic
Furazolidone	3	not classifiable	possibly carcinogenic
Dibenzo[h,rst]pentaphene	3	not classifiable	probably carcinogenic
Triamterene	2B	possibly carcinogenic	not classifiable
Isoeugenol	2B	possibly carcinogenic	not classifiable
Dulcin	3	not classifiable	possibly carcinogenic
Vinyl chloride	1	carcinogenic to humans	carcinogenic to humans
Acetaldehyde	2B	possibly carcinogenic	carcinogenic to humans
7-Nitrobenz[a]anthracene	3	not classifiable	possibly carcinogenic
Thiourea	3	not classifiable	possibly carcinogenic
2,2',5,5'-Tetrachlorobenzidine	3	not classifiable	not classifiable
Benzo[a]pyrene	1	carcinogenic to humans	carcinogenic to humans
2-Aminoanthraquinone	3	not classifiable	not classifiable
Crotonaldehyde	2B	possibly carcinogenic	probably carcinogenic
Glycidol	2A	probably carcinogenic	probably carcinogenic
Silica dust, crystalline, in the form of quartz or cristobalite	1	carcinogenic to humans	carcinogenic to humans
3,3'-Dimethoxybenzidine-4,4'-diisocyanate	3	not classifiable	not classifiable
Acrylonitrile-butadiene-styrene copolymers	3	not classifiable	not classifiable
Uranium, mixture of isotopes (see Radionuclides, alpha-particle-emitting, internally deposited)	1	carcinogenic to humans	carcinogenic to humans
Phenacetin	1	carcinogenic to humans	carcinogenic to humans
Hexachlorobutadiene	3	not classifiable	not classifiable
11H-Benz[bc]aceanthrylene	3	not classifiable	possibly carcinogenic
Brilliant Blue FCF, disodium salt	3	not classifiable	not classifiable
Toremifene	3	not classifiable	possibly carcinogenic
Vinylidene chloride	2B	possibly carcinogenic	possibly carcinogenic
Guinea Green B	3	not classifiable	possibly carcinogenic
Disperse Blue 1	2B	possibly carcinogenic	possibly carcinogenic
Methyl methanesulfonate	2A	probably carcinogenic	possibly carcinogenic
gamma-Butyrolactone	3	not classifiable	possibly carcinogenic
Chlorendic acid	2B	possibly carcinogenic	not classifiable
Ethyl tellurac	3	not classifiable	PARSE_FAIL
Polyvinyl alcohol	3	not classifiable	not classifiable
Hypochlorite salts	3	not classifiable	not classifiable
Modacrylic fibres	3	not classifiable	not classifiable
Sudan Brown RR	3	not classifiable	PARSE_FAIL
Phenelzine sulfate	3	not classifiable	possibly carcinogenic
Methoxychlor	3	not classifiable	possibly carcinogenic
Thiotepa	1	carcinogenic to humans	carcinogenic to humans
Silicon carbide, fibrous	2B	possibly carcinogenic	probably carcinogenic
1,1,1-Trichloroethane	2A	probably carcinogenic	not classifiable
N-Nitrosodiethylamine	2A	probably carcinogenic	probably carcinogenic
Triphenylene	3	not classifiable	not classifiable
Polybrominated biphenyls	2A	probably carcinogenic	possibly carcinogenic
CI Acid Orange 3	3	not classifiable	not classifiable
Dichloromethane (Methylene chloride)	2A	probably carcinogenic	possibly carcinogenic
Polymethyl methacrylate	3	not classifiable	not classifiable
3,3'-Dichloro-4,4'-diaminodiphenyl ether	2B	possibly carcinogenic	not classifiable
Phenolphthalein	2B	possibly carcinogenic	possibly carcinogenic
Trypan blue	2B	possibly carcinogenic	not classifiable
Acrylic fibres	3	not classifiable	not classifiable
5-Methylchrysene	2B	possibly carcinogenic	probably carcinogenic
Chloral	2A	probably carcinogenic	possibly carcinogenic
2-Nitrotoluene	2A	probably carcinogenic	possibly carcinogenic
Dibenz[a,c]anthracene	3	not classifiable	probably carcinogenic
Anaesthetics, volatile	3	not classifiable	possibly carcinogenic
Anthracene	2B	possibly carcinogenic	not classifiable
2,5-Diaminotoluene	3	not classifiable	possibly carcinogenic
Ampicillin	3	not classifiable	not classifiable
Treosulfan	1	carcinogenic to humans	carcinogenic to humans
AF-2 [2-(2-Furyl)-3-(5-nitro-2-furyl)acrylamide]	2B	possibly carcinogenic	possibly carcinogenic
Coal dust	3	not classifiable	carcinogenic to humans
4-Chlorobenzotrifluoride	2B	possibly carcinogenic	not classifiable
Aristolochic acid	1	carcinogenic to humans	carcinogenic to humans
Fluorides (inorganic, used in drinking-water)	3	not classifiable	not classifiable
Luteoskyrin	3	not classifiable	possibly carcinogenic
Magnetic fields, static	3	not classifiable	not classifiable
4-Hydroxyazobenzene	3	not classifiable	possibly carcinogenic
2-Amino-4-chlorophenol	2B	possibly carcinogenic	possibly carcinogenic
trans-2-[(Dimethylamino)methylimino]-5-[2-(5-nitro-2-furyl)-vinyl]-1,3,4-oxadiazole	2B	possibly carcinogenic	possibly carcinogenic
X- and Gamma-Radiation	1	carcinogenic to humans	carcinogenic to humans
1-Bromo-3-chloropropane	2B	possibly carcinogenic	possibly carcinogenic
Ptaquiloside	3	not classifiable	possibly carcinogenic
Furfuryl alcohol	2B	possibly carcinogenic	possibly carcinogenic
1-Bromopropane	2B	possibly carcinogenic	probably carcinogenic
N-Nitrosomethylethylamine	2B	possibly carcinogenic	probably carcinogenic
Cinnamyl anthranilate	3	not classifiable	not classifiable
Seneciphylline	3	not classifiable	possibly carcinogenic
Phenylbutazone	3	not classifiable	possibly carcinogenic
1,2-Dichloropropane	1	carcinogenic to humans	probably carcinogenic
Mineral oils, highly-refined	3	not classifiable	not classifiable
Butylated hydroxyanisole (BHA)	2B	possibly carcinogenic	possibly carcinogenic
Coconut oil diethanolamine condensate	2B	possibly carcinogenic	possibly carcinogenic
Zectran	3	not classifiable	not classifiable
Butyl methacrylate	2B	possibly carcinogenic	not classifiable
Coronene	3	not classifiable	not classifiable
Glu-P-2 (2-Aminodipyrido[1,2-a:3',2'-d]imidazole)	2B	possibly carcinogenic	possibly carcinogenic
A-alpha-C (2-Amino-9H-pyrido[2,3-b]indole)	2B	possibly carcinogenic	possibly carcinogenic
N,N-Dimethylformamide	2A	probably carcinogenic	probably carcinogenic
Acridine orange	3	not classifiable	possibly carcinogenic
Symphytine	3	not classifiable	possibly carcinogenic
Benz[c]acridine	3	not classifiable	possibly carcinogenic
Flat-glass and specialty glass (manufacture of)	3	not classifiable	probably carcinogenic
4-Vinylcyclohexene diepoxide	2B	possibly carcinogenic	possibly carcinogenic
1,3-Dinitropyrene	2B	possibly carcinogenic	probably carcinogenic
Chloroform	2B	possibly carcinogenic	possibly carcinogenic
Di(2-ethylhexyl)phthalate	2B	possibly carcinogenic	possibly carcinogenic
Etoposide in combination with cisplatin and bleomycin	1	carcinogenic to humans	carcinogenic to humans
Metabisulfites	3	not classifiable	not classifiable
Isophosphamide	3	not classifiable	carcinogenic to humans
Azathioprine	1	carcinogenic to humans	carcinogenic to humans
Senkirkine	3	not classifiable	possibly carcinogenic
Sulfamethoxazole	3	not classifiable	not classifiable
Mate, not very hot (drinking)	3	not classifiable	not classifiable
1,2-Diphenylhydrazine	2B	possibly carcinogenic	possibly carcinogenic
Dacarbazine	2B	possibly carcinogenic	probably carcinogenic
1,2-Epoxybutane	2B	possibly carcinogenic	possibly carcinogenic
Glycidaldehyde	2B	possibly carcinogenic	probably carcinogenic
Organic polymeric materials	3	not classifiable	not classifiable
1-Methylchrysene	3	not classifiable	probably carcinogenic
Polytetrafluoroethylene	3	not classifiable	not classifiable
Lasiocarpine	2B	possibly carcinogenic	possibly carcinogenic
para-Cresidine	2B	possibly carcinogenic	possibly carcinogenic
N-Methyl-N,4-dinitrosoaniline	3	not classifiable	possibly carcinogenic
Ethylene oxide	1	carcinogenic to humans	carcinogenic to humans
Ethylenethiourea	3	not classifiable	possibly carcinogenic
Microcystis extracts	3	not classifiable	probably carcinogenic
Methoxsalen (8-methoxypsoralen) plus ultraviolet A radiation	1	carcinogenic to humans	carcinogenic to humans
6-Methylchrysene	3	not classifiable	possibly carcinogenic
Voriconazole	1	carcinogenic to humans	probably carcinogenic
Radon-222 and its decay products	1	carcinogenic to humans	carcinogenic to humans
Polyvinyl acetate	3	not classifiable	not classifiable
Ochratoxin A	2B	possibly carcinogenic	possibly carcinogenic
1,5-Naphthalene diisocyanate	3	not classifiable	possibly carcinogenic
Coffee, drinking	3	not classifiable	not classifiable
Heptachlor	2B	possibly carcinogenic	possibly carcinogenic
Aldicarb	3	not classifiable	not classifiable
Jacobine	3	not classifiable	possibly carcinogenic
Chlorozotocin	2A	probably carcinogenic	possibly carcinogenic
Carbon nanotubes, multiwalled MWCNT-7	2B	possibly carcinogenic	possibly carcinogenic
Sulfallate	2B	possibly carcinogenic	possibly carcinogenic
Radium-228 and its decay products	1	carcinogenic to humans	carcinogenic to humans
6-Nitrobenzo[a]pyrene	3	not classifiable	possibly carcinogenic
1,2-Dibromo-3-chloropropane	2B	possibly carcinogenic	probably carcinogenic
Naphtho[2,3-e]pyrene	3	not classifiable	not classifiable
Lumber and sawmill industries (including logging)	3	not classifiable	carcinogenic to humans
Benzo[a]fluoranthene	3	not classifiable	possibly carcinogenic
Asbestos (all forms, including actinolite, amosite, anthophyllite, chrysotile, crocidolite, tremolite)	1	carcinogenic to humans	carcinogenic to humans
Radium-224 and its decay products	1	carcinogenic to humans	carcinogenic to humans
Chloramphenicol	2A	probably carcinogenic	probably carcinogenic
Dibenzo[a,e]pyrene	3	not classifiable	carcinogenic to humans
2,4-Dinitrotoluene	2B	possibly carcinogenic	possibly carcinogenic
α-Methylstyrene	2B	possibly carcinogenic	not classifiable
Medroxyprogesterone acetate	2B	possibly carcinogenic	probably carcinogenic
2-Amino-4-nitrophenol	3	not classifiable	not classifiable
beta-Butyrolactone	2B	possibly carcinogenic	possibly carcinogenic
2-Methylimidazole	2B	possibly carcinogenic	possibly carcinogenic
Diazomethane	3	not classifiable	probably carcinogenic
2,5-Xylidine	3	not classifiable	possibly carcinogenic
Insulation glass wool	3	not classifiable	not classifiable
Implanted foreign bodies of metallic chromium or titanium and of cobalt-based, chromium-based, and titanium-based alloys, and stainless steel	3	not classifiable	possibly carcinogenic
Gyromitrin	3	not classifiable	probably carcinogenic
Cyclophosphamide	1	carcinogenic to humans	carcinogenic to humans
Endrin	3	not classifiable	not classifiable
Zalcitabine	2B	possibly carcinogenic	possibly carcinogenic
Coal-tar distillation	1	carcinogenic to humans	carcinogenic to humans
Ethyl tert-butyl ether	2B	possibly carcinogenic	not classifiable
Benzophenone	2B	possibly carcinogenic	possibly carcinogenic
5,6-Cyclopenteno-1,2-benzanthracene	3	not classifiable	probably carcinogenic
Dimethylcarbamoyl chloride	2A	probably carcinogenic	probably carcinogenic
Sulfur mustard	1	carcinogenic to humans	carcinogenic to humans
Busulfan	1	carcinogenic to humans	carcinogenic to humans
Pyridine	2B	possibly carcinogenic	possibly carcinogenic
Vinyl bromide	2A	probably carcinogenic	probably carcinogenic
Benzene	1	carcinogenic to humans	carcinogenic to humans
Hexachloroethane	2B	possibly carcinogenic	possibly carcinogenic
Fluoranthene	3	not classifiable	not classifiable
Rhodamine 6G	3	not classifiable	not classifiable
Uracil mustard	2B	possibly carcinogenic	carcinogenic to humans
Clonorchis sinensis (infection with)	1	carcinogenic to humans	carcinogenic to humans
Cobalt metal with tungsten carbide	2A	probably carcinogenic	probably carcinogenic
Polychlorinated biphenyls	1	carcinogenic to humans	carcinogenic to humans
Vinyl fluoride	2A	probably carcinogenic	carcinogenic to humans
Carmoisine	3	not classifiable	PARSE_FAIL
Benzofuran	2B	possibly carcinogenic	possibly carcinogenic
Anthanthrene	3	not classifiable	not classifiable
1-(2-Chloroethyl)-3-(4-methylcyclohexyl)-1-nitrosourea (Methyl-CCNU) (Semustine)	1	carcinogenic to humans	probably carcinogenic
Ethylene sulfide	3	not classifiable	possibly carcinogenic
Aristolochic acid, plants containing	1	carcinogenic to humans	carcinogenic to humans
N-Methyl-N-nitrosourea	2A	probably carcinogenic	carcinogenic to humans
Polychloroprene	3	not classifiable	not classifiable
Doxefazepam	3	not classifiable	possibly carcinogenic
Chlorambucil	1	carcinogenic to humans	carcinogenic to humans
Human T-cell lymphotropic virus type II	3	not classifiable	not classifiable
Methyl acrylate	2B	possibly carcinogenic	possibly carcinogenic
Eosin	3	not classifiable	not classifiable
5-Nitro-ortho-toluidine	3	not classifiable	possibly carcinogenic
3,3'-Dimethoxybenzidine (ortho-Dianisidine)	2B	possibly carcinogenic	carcinogenic to humans
Nickel, metallic	2B	possibly carcinogenic	possibly carcinogenic
Quercetin	3	not classifiable	possibly carcinogenic
2-Methylchrysene	3	not classifiable	probably carcinogenic
Disulfiram	3	not classifiable	not classifiable
Cadmium and cadmium compounds	1	carcinogenic to humans	carcinogenic to humans
N-Nitrosodiethanolamine	2B	possibly carcinogenic	possibly carcinogenic
Triethylene glycol diglycidyl ether	3	not classifiable	not classifiable
Hycanthone mesylate	3	not classifiable	possibly carcinogenic
2,3-Dibromopropan-1-ol	2B	possibly carcinogenic	possibly carcinogenic
Hexachlorophene	3	not classifiable	possibly carcinogenic
Sudan Red 7B	3	not classifiable	possibly carcinogenic
Furan	2B	possibly carcinogenic	possibly carcinogenic
HC Blue No. 1	2B	possibly carcinogenic	not classifiable
Arsenobetaine and other organic arsenic compounds that are not metabolized in humans	3	not classifiable	not classifiable
Styrene-butadiene copolymers	3	not classifiable	not classifiable
Iron-dextrin complex	3	not classifiable	not classifiable
CI Direct Blue 15	2B	possibly carcinogenic	possibly carcinogenic
Bis(chloromethyl)ether; chloromethyl methyl ether (technical-grade)	1	carcinogenic to humans	carcinogenic to humans
4,5',8-Trimethylpsoralen	3	not classifiable	carcinogenic to humans
Polyvinyl pyrrolidone	3	not classifiable	not classifiable
9-Nitroanthracene	3	not classifiable	possibly carcinogenic
Isatidine	3	not classifiable	probably carcinogenic
3-Methylfluoranthene	3	not classifiable	not classifiable
n-Propyl carbamate	3	not classifiable	not classifiable
13H-Dibenzo[a,g]fluorene	3	not classifiable	not classifiable
Fuel oils, distillate (light)	3	not classifiable	probably carcinogenic
Trifluralin	3	not classifiable	possibly carcinogenic
MeA-alpha-C (2-Amino-3-methyl-9H-pyrido[2,3-b]indole)	2B	possibly carcinogenic	possibly carcinogenic
2-Bromopropane	2A	probably carcinogenic	probably carcinogenic
2-(2-Formylhydrazino)-4-(5-nitro-2-furyl)thiazole	2B	possibly carcinogenic	carcinogenic to humans
Perfluorooctanoic acid (PFOA)	1	carcinogenic to humans	carcinogenic to humans
2,3,7,8-Tetrachlorodibenzo-para-dioxin	1	carcinogenic to humans	carcinogenic to humans
Lead	2B	possibly carcinogenic	probably carcinogenic
4-Nitrobiphenyl	3	not classifiable	carcinogenic to humans
Aniline (see also Aniline hydrochloride)	2A	probably carcinogenic	not classifiable
Tetrabromobisphenol A	2A	probably carcinogenic	not classifiable
Etoposide	1	carcinogenic to humans	carcinogenic to humans
1,6-Dinitropyrene	2B	possibly carcinogenic	probably carcinogenic
Dibenz[a,j]anthracene	3	not classifiable	probably carcinogenic
Picloram	3	not classifiable	not classifiable
Benz[a]acridine	3	not classifiable	possibly carcinogenic
Styrene-acrylonitrile copolymers	3	not classifiable	possibly carcinogenic
Benzoyl peroxide	3	not classifiable	not classifiable
Ceramic implants	3	not classifiable	not classifiable
Electric fields, static	3	not classifiable	not classifiable
Nitrotoluenes	3	not classifiable	possibly carcinogenic
Leather tanning and processing	3	not classifiable	not classifiable
Diphenylamine	2B	possibly carcinogenic	not classifiable
Ponceau SX	3	not classifiable	not classifiable
Monocrotaline	2B	possibly carcinogenic	possibly carcinogenic
Ciclosporin	1	carcinogenic to humans	carcinogenic to humans
CI Orange G	3	not classifiable	not classifiable
Diallate	3	not classifiable	possibly carcinogenic
Dental materials	3	not classifiable	not classifiable
Isophorone	2B	possibly carcinogenic	possibly carcinogenic
Perylene	3	not classifiable	not classifiable
Nitrobenzene	2B	possibly carcinogenic	possibly carcinogenic
Fusarium sporotrichioides, toxins derived from (T-2 toxin)	3	not classifiable	not classifiable
T2-Trichothecene	3	not classifiable	not classifiable
Tacrolimus	1	carcinogenic to humans	carcinogenic to humans
Catechol	2B	possibly carcinogenic	possibly carcinogenic
3,3'-Dimethylbenzidine (ortho-Tolidine)	2B	possibly carcinogenic	possibly carcinogenic
Vinyl acetate	2B	possibly carcinogenic	possibly carcinogenic
Fumonisin B1	2B	possibly carcinogenic	possibly carcinogenic
CI Acid Red 114	2B	possibly carcinogenic	not classifiable
Fluorescent lighting	3	not classifiable	not classifiable
Hair colouring products (personal use of)	3	not classifiable	possibly carcinogenic
Diethylstilbestrol	1	carcinogenic to humans	carcinogenic to humans
Coumarin	3	not classifiable	not classifiable
1,2-Dimethylhydrazine	2A	probably carcinogenic	possibly carcinogenic
Diazepam	3	not classifiable	not classifiable
Thorium-232 and its decay products	1	carcinogenic to humans	carcinogenic to humans
Decabromodiphenyl oxide	3	not classifiable	possibly carcinogenic
Nitrofurantoin	3	not classifiable	possibly carcinogenic
Lead compounds, organic	3	not classifiable	probably carcinogenic
Mitoxantrone	2B	possibly carcinogenic	carcinogenic to humans
Beryllium and beryllium compounds	1	carcinogenic to humans	carcinogenic to humans
Phenyl glycidyl ether	2B	possibly carcinogenic	possibly carcinogenic
1,4-Dimethylphenanthrene	3	not classifiable	not classifiable
N-Nitrosodimethylamine	2A	probably carcinogenic	probably carcinogenic
Petasitenine	3	not classifiable	possibly carcinogenic
Ponceau MX	2B	possibly carcinogenic	probably carcinogenic
Jet fuel	3	not classifiable	not classifiable
Sudan II	3	not classifiable	possibly carcinogenic
5-Nitro-ortho-anisidine	3	not classifiable	possibly carcinogenic
Melamine	2B	possibly carcinogenic	possibly carcinogenic
Dibenzo[e,l]pyrene	3	not classifiable	carcinogenic to humans
2-Methylfluoranthene	3	not classifiable	not classifiable
N-Methyl-N´-nitro-N-nitrosoguanidine (MNNG)	2A	probably carcinogenic	probably carcinogenic
2,4-Xylidine	3	not classifiable	possibly carcinogenic
N-Ethyl-N-nitrosourea	2A	probably carcinogenic	probably carcinogenic
Nitromethane	2B	possibly carcinogenic	possibly carcinogenic
3-Carbethoxypsoralen	3	not classifiable	possibly carcinogenic
Benzo[ghi]fluoranthene	3	not classifiable	probably carcinogenic
Chlordimeform	3	not classifiable	probably carcinogenic
Chromium (VI) compounds	1	carcinogenic to humans	carcinogenic to humans
MeIQx (2-Amino-3,8-dimethylimidazo[4,5-f]quinoxaline)	2B	possibly carcinogenic	possibly carcinogenic
ortho-Phenylenediamine	2B	possibly carcinogenic	not classifiable
4,4',6-Trimethylangelicin plus ultraviolet A radiation	3	not classifiable	possibly carcinogenic
Penicillic acid	3	not classifiable	not classifiable
Benz[l]aceanthrylene	3	not classifiable	possibly carcinogenic
Zidovudine (AZT)	2B	possibly carcinogenic	possibly carcinogenic
Amitrole	3	not classifiable	possibly carcinogenic
para-Dichlorobenzene	2B	possibly carcinogenic	possibly carcinogenic
Caffeic acid	2B	possibly carcinogenic	not classifiable
Dieldrin, and aldrin metabolized to dieldrin	2A	probably carcinogenic	possibly carcinogenic
Dibromoacetonitrile	2B	possibly carcinogenic	possibly carcinogenic
Bis(1-aziridinyl)morpholinophosphine sulfide	3	not classifiable	possibly carcinogenic
Ponceau 3R	2B	possibly carcinogenic	possibly carcinogenic
Coal-tar pitch	1	carcinogenic to humans	carcinogenic to humans
Carrageenan, native	3	not classifiable	not classifiable
2-Methylaziridine (Propyleneimine)	2B	possibly carcinogenic	probably carcinogenic
Ethanol in alcoholic beverages	1	carcinogenic to humans	carcinogenic to humans
2,2-Bis(bromomethyl)propane-1,3-diol	2B	possibly carcinogenic	possibly carcinogenic
Chlorinated drinking-water	3	not classifiable	not classifiable
4H-Cyclopenta[def]chrysene	3	not classifiable	not classifiable
3-Nitrofluoranthene	3	not classifiable	possibly carcinogenic
Chlornaphazine	1	carcinogenic to humans	carcinogenic to humans
Eugenol	3	not classifiable	not classifiable
Amaranth	3	not classifiable	not classifiable
3-Monochloro-1,2-propanediol	2B	possibly carcinogenic	possibly carcinogenic
Sepiolite	3	not classifiable	not classifiable
Hydrochlorothiazide	1	carcinogenic to humans	possibly carcinogenic
Carbon nanotubes, single-walled	3	not classifiable	possibly carcinogenic
ortho-Aminoazotoluene	2B	possibly carcinogenic	possibly carcinogenic
Methyl isobutyl ketone	2B	possibly carcinogenic	possibly carcinogenic
1,5-Naphthalenediamine	3	not classifiable	not classifiable
para-Chloroaniline	2B	possibly carcinogenic	possibly carcinogenic
Polyvinyl chloride	3	not classifiable	not classifiable
Anthranilic acid	3	not classifiable	PARSE_FAIL
Human papillomavirus (HPV) types 6 and 11	3	not classifiable	probably not carcinogenic
Chromium (III) compounds	3	not classifiable	not classifiable
CI Direct Blue 218	2B	possibly carcinogenic	possibly carcinogenic
Diisopropyl sulfate	2B	possibly carcinogenic	probably carcinogenic
Pentosan polysulfate sodium	2B	possibly carcinogenic	not classifiable
Madder root (Rubia tinctorum)	3	not classifiable	possibly carcinogenic
Glu-P-1 (2-Amino-6-methyldipyrido[1,2-a:3',2'-d]imidazole)	2B	possibly carcinogenic	possibly carcinogenic
Dimethylarsinic acid	2B	possibly carcinogenic	possibly carcinogenic
N-Vinyl-2-pyrrolidone	3	not classifiable	not classifiable
1-Nitropyrene	2A	probably carcinogenic	possibly carcinogenic
2,4,6-Trimethylaniline	3	not classifiable	possibly carcinogenic
Vinyl chloride-vinyl acetate copolymers	3	not classifiable	not classifiable
Isopropyl oils	3	not classifiable	carcinogenic to humans
Electric fields, extremely low-frequency	3	not classifiable	possibly carcinogenic
Benzo[g]chrysene	3	not classifiable	not classifiable
Dibenz[a,h]anthracene	2A	probably carcinogenic	carcinogenic to humans
Diethanolamine	2B	possibly carcinogenic	possibly carcinogenic
Cumene	2B	possibly carcinogenic	possibly carcinogenic
Melphalan	1	carcinogenic to humans	carcinogenic to humans
Bromodichloromethane	2B	possibly carcinogenic	possibly carcinogenic
2,4-D (2,4-dichlorophenoxyacetic acid) (See also Chlorophenoxy herbicides)	2B	possibly carcinogenic	possibly carcinogenic
6-Nitrochrysene	2A	probably carcinogenic	probably carcinogenic
Citrus Red No. 2	2B	possibly carcinogenic	possibly carcinogenic
Polymethylene polyphenyl isocyanate	3	not classifiable	not classifiable
Potassium bromate	2B	possibly carcinogenic	possibly carcinogenic
HC Blue No. 2	3	not classifiable	not classifiable
Bleomycins	2B	possibly carcinogenic	possibly carcinogenic
Shale oils	1	carcinogenic to humans	carcinogenic to humans
2,4'-Diphenyldiamine	3	not classifiable	not classifiable
para-Nitrosodiphenylamine	3	not classifiable	possibly carcinogenic
1-Naphthylthiourea (ANTU)	3	not classifiable	not classifiable
Polyethylene	3	not classifiable	not classifiable
3,5-Dinitrotoluene	3	not classifiable	not classifiable
Arsenic and inorganic arsenic compounds	1	carcinogenic to humans	carcinogenic to humans
Acrylamide	2A	probably carcinogenic	probably carcinogenic
Polyurethane foams	3	not classifiable	not classifiable
Formaldehyde	1	carcinogenic to humans	carcinogenic to humans
5-Aminoacenaphthene	3	not classifiable	not classifiable
Radium-226 and its decay products	1	carcinogenic to humans	carcinogenic to humans
N,N-Dimethyl-p-toluidine	2B	possibly carcinogenic	not classifiable
Schistosoma mansoni (infection with)	3	not classifiable	carcinogenic to humans
Hexachlorobenzene	2B	possibly carcinogenic	possibly carcinogenic
Vincristine sulfate	3	not classifiable	probably carcinogenic
Fusarium graminearum, F. culmorum, and F. crookwellense, toxins derived from (zearalenone, deoxynivalenol, nivalenol, and fusarenone X)	3	not classifiable	not classifiable
Leather goods manufacture (see also Leather dust)	3	not classifiable	carcinogenic to humans
Ethyl carbamate (Urethane)	2A	probably carcinogenic	probably carcinogenic
Polypropylene	3	not classifiable	not classifiable
Retrorsine	3	not classifiable	possibly carcinogenic
Bitumens, occupational exposure to oxidized bitumens and their emissions during roofing	2A	probably carcinogenic	possibly carcinogenic
Erionite	1	carcinogenic to humans	carcinogenic to humans
Oil Orange SS	2B	possibly carcinogenic	possibly carcinogenic
4-Chloro-ortho-phenylenediamine	2B	possibly carcinogenic	possibly carcinogenic
Methyl red	3	not classifiable	not classifiable
Diesel fuels, distillate (light)	3	not classifiable	not classifiable
3-Methylchrysene	3	not classifiable	probably carcinogenic
3,3’,4,4’,5-Pentachlorobiphenyl (PCB-126)	1	carcinogenic to humans	carcinogenic to humans
Furfural	3	not classifiable	possibly carcinogenic
Trichloroethylene	1	carcinogenic to humans	carcinogenic to humans
Isopropyl alcohol	3	not classifiable	not classifiable
MeIQ (2-Amino-3,4-dimethylimidazo[4,5-f]quinoline)	2B	possibly carcinogenic	possibly carcinogenic
Toluene diisocyanates	2B	possibly carcinogenic	possibly carcinogenic
1,2-Diamino-4-nitrobenzene	3	not classifiable	not classifiable
Benzo[b]chrysene	3	not classifiable	not classifiable
Human papillomavirus (HPV) genus beta (except types 5 and 8) and genus gamma	3	not classifiable	possibly carcinogenic
tert-Amyl methyl ether	3	not classifiable	possibly carcinogenic
1,8-Dinitropyrene	2B	possibly carcinogenic	probably carcinogenic
Fusarium moniliforme, toxins derived from (fumonisin B1, fumonisin B2, and fusarin C)	2B	possibly carcinogenic	possibly carcinogenic
1,3-Dichloro-2-propanol	2B	possibly carcinogenic	possibly carcinogenic
Benzo[c]fluorene	3	not classifiable	possibly carcinogenic
ortho-Phenylphenol	3	not classifiable	possibly carcinogenic
Nafenopin	2B	possibly carcinogenic	possibly carcinogenic
N'-Nitrosoanabasine (NAB)	3	not classifiable	not classifiable
Evans blue	3	not classifiable	not classifiable
4,4'-Dimethylangelicin plus ultraviolet A radiation	3	not classifiable	carcinogenic to humans
Leucogentian violet (see also Gentian violet)	3	not classifiable	possibly carcinogenic
1,2-Dichloroethane	2B	possibly carcinogenic	possibly carcinogenic
Bisphenol A diglycidyl ether (Araldite)	3	not classifiable	possibly carcinogenic
ortho-Dichlorobenzene	3	not classifiable	not classifiable
3-Nitroperylene	3	not classifiable	possibly carcinogenic
Bisulfites	3	not classifiable	not classifiable
Dimethyl sulfate	2A	probably carcinogenic	probably carcinogenic
Benzo[e]pyrene	3	not classifiable	not classifiable
3,7-Dinitrofluoranthene	2B	possibly carcinogenic	probably carcinogenic
Picene	3	not classifiable	not classifiable
Polystyrene	3	not classifiable	PARSE_FAIL
Aflatoxins	1	carcinogenic to humans	carcinogenic to humans
1-Butyl glycidyl ether	2B	possibly carcinogenic	possibly carcinogenic
Creosotes	2A	probably carcinogenic	probably carcinogenic
Acetaldehyde associated with consumption of alcoholic beverages	1	carcinogenic to humans	carcinogenic to humans
